{"cameraMode":{"drawMode":0,"name":"Shaded","section":"Shading Mode"},"sceneLighting":true,"audioPlay":false,"sceneViewState":{"showFog":true,"showMaterialUpdate":false,"showSkybox":true,"showFlares":true,"showImageEffects":true,"showParticleSystems":true},"in2DMode":false,"pivot":{"x":1.6840580701828004,"y":4.206758975982666,"z":-12.189722061157227},"rotation":{"x":0.041096337139606479,"y":0.00988571997731924,"z":-0.0004163833800703287,"w":0.9991319179534912},"size":12.973828315734864,"orthographic":false}