{"cameraMode":{"drawMode":0,"name":"Shaded","section":"Shading Mode"},"sceneLighting":true,"audioPlay":false,"sceneViewState":{"showFog":true,"showMaterialUpdate":false,"showSkybox":true,"showFlares":true,"showImageEffects":true,"showParticleSystems":true},"in2DMode":false,"pivot":{"x":259.32373046875,"y":289.08599853515627,"z":-89.76422119140625},"rotation":{"x":-0.18455640971660615,"y":-0.1272428035736084,"z":0.024139096960425378,"w":-0.9743193984031677},"size":807.2613525390625,"orthographic":false}