{"cameraMode":{"drawMode":0,"name":"Shaded","section":"Shading Mode"},"sceneLighting":true,"audioPlay":false,"sceneViewState":{"showFog":true,"showMaterialUpdate":false,"showSkybox":true,"showFlares":true,"showImageEffects":true,"showParticleSystems":true},"in2DMode":false,"pivot":{"x":7.594054698944092,"y":-2.458564281463623,"z":7.345714569091797},"rotation":{"x":-0.14825136959552766,"y":-0.011276695877313614,"z":0.0016905928496271372,"w":-0.9888841509819031},"size":33.973670959472659,"orthographic":false}