{"cameraMode":{"drawMode":0,"name":"Shaded","section":"Shading Mode"},"sceneLighting":true,"audioPlay":false,"sceneViewState":{"showFog":true,"showMaterialUpdate":false,"showSkybox":true,"showFlares":true,"showImageEffects":true,"showParticleSystems":true},"in2DMode":false,"pivot":{"x":1.159999966621399,"y":16.059999465942384,"z":-28.200000762939454},"rotation":{"x":0.298750102519989,"y":0.4603554904460907,"z":-0.16794447600841523,"w":0.8189153075218201},"size":22.0,"orthographic":false}