{"cameraMode":{"drawMode":0,"name":"Shaded","section":"Shading Mode"},"sceneLighting":true,"audioPlay":false,"sceneViewState":{"showFog":true,"showMaterialUpdate":false,"showSkybox":true,"showFlares":true,"showImageEffects":true,"showParticleSystems":true},"in2DMode":false,"pivot":{"x":5.725915908813477,"y":-3.9716758728027345,"z":-2.912076950073242},"rotation":{"x":0.3271566927433014,"y":0.21073734760284425,"z":-0.07509469240903855,"w":0.9181097149848938},"size":16.579172134399415,"orthographic":false}