{"cameraMode":{"drawMode":0,"name":"Shaded","section":"Shading Mode"},"sceneLighting":false,"audioPlay":false,"sceneViewState":{"showFog":true,"showMaterialUpdate":false,"showSkybox":false,"showFlares":true,"showImageEffects":true,"showParticleSystems":true},"in2DMode":false,"pivot":{"x":-3.5762786865234377e-7,"y":0.0,"z":3.5762786865234377e-7},"rotation":{"x":0.0004424681537784636,"y":0.9282885789871216,"z":0.001105157658457756,"w":-0.37186259031295779},"size":14.956417083740235,"orthographic":false}